id;title;broadcast;description;created_at
1;Rustic Saint-SÃ©verin;false;hack systematic Swaziland;2021-10-12T07:11:06
2;program next-generation;false;Manager;2021-10-11T18:31:32
3;a invoice payment;true;Sports invoice;2021-10-12T08:02:25
4;Virtual Stagiaire;false;compressing;2021-10-12T06:06:18
5;mindshare;false;generation Fresh payment;2021-10-12T10:22:22
6;FTP reintermediate;false;technologies client-server;2021-10-11T15:40:58
7;c Jewelery;true;auxiliary Sports;2021-10-12T06:52:39
8;Gloves;false;system;2021-10-12T02:22:07
9;Specialiste Kiribati Table;true;Hat Licensed;2021-10-12T00:34:04
10;payment;true;Account Borders Barbade;2021-10-11T17:43:27
